email_text,tone
do not delay and schedule a meeting,rude
just checking if you can check the status,friendly
please proceed to complete the task,professional
please ensure you check the status,professional
please kindly complete the task,polite
complete the task now,rude
confirm the update immediately,rude
submit the form now,rude
send the report now,rude
kindly complete the task at your convenience,professional
please ensure you share the details,professional
share the details now,rude
could you please update the document,polite
why haven't you review the file yet,rude
when you have time please provide feedback,polite
"whenever possible, update the document",friendly
hope you can check the status soon,friendly
could you please submit the form,polite
why haven't you submit the form yet,rude
"hi there, please share the details",friendly
"whenever possible, submit the form",friendly
why haven't you provide feedback yet,rude
could you please confirm the update,polite
may I request you to confirm the update,polite
just checking if you can update the document,friendly
please kindly review the file,polite
why haven't you check the status yet,rude
check the status immediately,rude
just checking if you can provide feedback,friendly
please share the details,polite
do not delay and check the status,rude
"hey, can you provide feedback?",friendly
hope you can provide feedback soon,friendly
do not delay and send the report,rude
could you please check the status,polite
please ensure you schedule a meeting,professional
I would appreciate it if you could provide feedback,professional
please confirm the update,polite
why haven't you schedule a meeting yet,rude
just checking if you can submit the form,friendly
"hey, can you update the document?",friendly
hope you can update the document soon,friendly
share the details fast,rude
provide feedback fast,rude
kindly confirm the update at your convenience,professional
schedule a meeting immediately,rude
kindly update the document at your convenience,professional
could you please check the status,polite
please proceed to send the report,professional
just checking if you can share the details,friendly
please proceed to submit the form,professional
just checking if you can submit the form,friendly
just checking if you can complete the task,friendly
do not delay and provide feedback,rude
please check the status,polite
why haven't you complete the task yet,rude
requesting you to submit the form,professional
please ensure you review the file,professional
requesting you to confirm the update,professional
submit the form now,rude
please schedule a meeting,polite
please confirm the update,polite
check the status now,rude
I would appreciate it if you could update the document,professional
update the document now,rude
I would appreciate it if you could schedule a meeting,professional
could you please send the report,polite
why haven't you share the details yet,rude
please proceed to complete the task,professional
submit the form fast,rude
"hey, can you provide feedback?",friendly
"whenever possible, share the details",friendly
"hi there, please update the document",friendly
hope you can complete the task soon,friendly
please proceed to schedule a meeting,professional
I would appreciate it if you could update the document,professional
complete the task now,rude
please ensure you complete the task,professional
when you have time please review the file,polite
hope you can share the details soon,friendly
"hi there, please update the document",friendly
just checking if you can provide feedback,friendly
please ensure you send the report,professional
confirm the update now,rude
complete the task immediately,rude
I would appreciate it if you could complete the task,professional
do not delay and share the details,rude
"hi there, please send the report",friendly
please proceed to check the status,professional
"hi there, please review the file",friendly
could you please review the file,polite
please proceed to send the report,professional
"whenever possible, update the document",friendly
do not delay and complete the task,rude
send the report immediately,rude
why haven't you confirm the update yet,rude
when you have time please send the report,polite
may I request you to check the status,polite
kindly submit the form at your convenience,professional
kindly share the details at your convenience,professional
please kindly schedule a meeting,polite
please kindly share the details,polite
please provide feedback,polite
I would appreciate it if you could send the report,professional
requesting you to update the document,professional
when you have time please send the report,polite
could you please provide feedback,polite
may I request you to send the report,polite
please update the document,polite
hope you can provide feedback soon,friendly
why haven't you schedule a meeting yet,rude
"whenever possible, review the file",friendly
requesting you to complete the task,professional
may I request you to complete the task,polite
when you have time please complete the task,polite
requesting you to send the report,professional
requesting you to check the status,professional
why haven't you check the status yet,rude
complete the task fast,rude
please ensure you confirm the update,professional
"hey, can you complete the task?",friendly
please proceed to review the file,professional
send the report now,rude
may I request you to share the details,polite
please kindly check the status,polite
"whenever possible, confirm the update",friendly
when you have time please confirm the update,polite
when you have time please update the document,polite
hope you can confirm the update soon,friendly
requesting you to share the details,professional
please schedule a meeting,polite
share the details immediately,rude
update the document immediately,rude
please kindly provide feedback,polite
schedule a meeting now,rude
requesting you to confirm the update,professional
please proceed to confirm the update,professional
please proceed to share the details,professional
please proceed to provide feedback,professional
may I request you to confirm the update,polite
"whenever possible, confirm the update",friendly
please kindly update the document,polite
please kindly send the report,polite
review the file immediately,rude
"hi there, please submit the form",friendly
could you please review the file,polite
I would appreciate it if you could schedule a meeting,professional
please share the details,polite
may I request you to submit the form,polite
"whenever possible, complete the task",friendly
requesting you to complete the task,professional
do not delay and review the file,rude
"hi there, please confirm the update",friendly
do not delay and confirm the update,rude
kindly send the report at your convenience,professional
just checking if you can send the report,friendly
may I request you to complete the task,polite
"hi there, please submit the form",friendly
please submit the form,polite
hope you can confirm the update soon,friendly
update the document fast,rude
hope you can send the report soon,friendly
schedule a meeting fast,rude
why haven't you send the report yet,rude
provide feedback fast,rude
may I request you to provide feedback,polite
just checking if you can update the document,friendly
kindly share the details at your convenience,professional
please send the report,polite
complete the task immediately,rude
may I request you to send the report,polite
when you have time please check the status,polite
kindly review the file at your convenience,professional
please kindly update the document,polite
"hey, can you share the details?",friendly
review the file now,rude
"hi there, please share the details",friendly
"hey, can you check the status?",friendly
kindly update the document at your convenience,professional
please proceed to review the file,professional
hope you can check the status soon,friendly
I would appreciate it if you could review the file,professional
kindly schedule a meeting at your convenience,professional
"whenever possible, send the report",friendly
"hey, can you share the details?",friendly
why haven't you update the document yet,rude
"hi there, please complete the task",friendly
provide feedback now,rude
"whenever possible, send the report",friendly
"hi there, please check the status",friendly
please provide feedback,polite
please kindly submit the form,polite
could you please complete the task,polite
"hey, can you confirm the update?",friendly
I would appreciate it if you could submit the form,professional
do not delay and complete the task,rude
please ensure you submit the form,professional
please ensure you check the status,professional
when you have time please submit the form,polite
update the document immediately,rude
why haven't you send the report yet,rude
requesting you to share the details,professional
just checking if you can review the file,friendly
do not delay and update the document,rude
hope you can send the report soon,friendly
provide feedback immediately,rude
why haven't you confirm the update yet,rude
"whenever possible, check the status",friendly
do not delay and review the file,rude
"whenever possible, schedule a meeting",friendly
please kindly complete the task,polite
when you have time please share the details,polite
could you please share the details,polite
please ensure you submit the form,professional
may I request you to check the status,polite
could you please send the report,polite
"hi there, please provide feedback",friendly
could you please schedule a meeting,polite
schedule a meeting immediately,rude
"hey, can you submit the form?",friendly
please kindly confirm the update,polite
confirm the update fast,rude
please ensure you update the document,professional
update the document now,rude
I would appreciate it if you could submit the form,professional
requesting you to review the file,professional
please kindly send the report,polite
please complete the task,polite
I would appreciate it if you could provide feedback,professional
please proceed to update the document,professional
confirm the update now,rude
hope you can complete the task soon,friendly
requesting you to update the document,professional
I would appreciate it if you could check the status,professional
requesting you to provide feedback,professional
complete the task fast,rude
"hi there, please review the file",friendly
please check the status,polite
check the status immediately,rude
just checking if you can schedule a meeting,friendly
may I request you to update the document,polite
kindly confirm the update at your convenience,professional
just checking if you can check the status,friendly
"whenever possible, review the file",friendly
"hey, can you confirm the update?",friendly
send the report fast,rude
when you have time please submit the form,polite
review the file fast,rude
why haven't you update the document yet,rude
do not delay and provide feedback,rude
"whenever possible, check the status",friendly
please kindly schedule a meeting,polite
"hey, can you schedule a meeting?",friendly
hope you can schedule a meeting soon,friendly
could you please share the details,polite
requesting you to schedule a meeting,professional
please ensure you review the file,professional
"whenever possible, provide feedback",friendly
may I request you to schedule a meeting,polite
why haven't you complete the task yet,rude
I would appreciate it if you could share the details,professional
why haven't you submit the form yet,rude
"whenever possible, complete the task",friendly
may I request you to review the file,polite
share the details now,rude
could you please schedule a meeting,polite
please proceed to check the status,professional
please review the file,polite
review the file now,rude
"hi there, please provide feedback",friendly
do not delay and update the document,rude
may I request you to update the document,polite
hope you can review the file soon,friendly
requesting you to schedule a meeting,professional
could you please update the document,polite
"hey, can you send the report?",friendly
requesting you to check the status,professional
please proceed to share the details,professional
"whenever possible, submit the form",friendly
hope you can submit the form soon,friendly
why haven't you share the details yet,rude
kindly review the file at your convenience,professional
do not delay and submit the form,rude
hope you can submit the form soon,friendly
"hi there, please schedule a meeting",friendly
review the file immediately,rude
submit the form immediately,rude
hope you can schedule a meeting soon,friendly
do not delay and check the status,rude
could you please complete the task,polite
please kindly check the status,polite
submit the form immediately,rude
may I request you to review the file,polite
please proceed to submit the form,professional
why haven't you provide feedback yet,rude
just checking if you can confirm the update,friendly
update the document fast,rude
when you have time please share the details,polite
could you please provide feedback,polite
may I request you to submit the form,polite
please kindly review the file,polite
please send the report,polite
share the details fast,rude
"hey, can you review the file?",friendly
please review the file,polite
just checking if you can review the file,friendly
please proceed to update the document,professional
please ensure you update the document,professional
when you have time please provide feedback,polite
hope you can update the document soon,friendly
please ensure you confirm the update,professional
review the file fast,rude
when you have time please confirm the update,polite
provide feedback now,rude
please kindly confirm the update,polite
check the status now,rude
please ensure you share the details,professional
schedule a meeting fast,rude
may I request you to schedule a meeting,polite
do not delay and submit the form,rude
kindly provide feedback at your convenience,professional
do not delay and confirm the update,rude
requesting you to send the report,professional
"hi there, please confirm the update",friendly
please ensure you schedule a meeting,professional
"whenever possible, share the details",friendly
"whenever possible, provide feedback",friendly
"hey, can you update the document?",friendly
could you please submit the form,polite
"hi there, please check the status",friendly
please ensure you provide feedback,professional
may I request you to provide feedback,polite
"hey, can you send the report?",friendly
could you please confirm the update,polite
kindly complete the task at your convenience,professional
"hey, can you submit the form?",friendly
hope you can review the file soon,friendly
schedule a meeting now,rude
may I request you to share the details,polite
kindly provide feedback at your convenience,professional
"whenever possible, schedule a meeting",friendly
just checking if you can send the report,friendly
kindly send the report at your convenience,professional
submit the form fast,rude
provide feedback immediately,rude
share the details immediately,rude
just checking if you can complete the task,friendly
just checking if you can share the details,friendly
send the report fast,rude
kindly check the status at your convenience,professional
kindly schedule a meeting at your convenience,professional
"hey, can you schedule a meeting?",friendly
please update the document,polite
just checking if you can schedule a meeting,friendly
please proceed to schedule a meeting,professional
please kindly submit the form,polite
please proceed to confirm the update,professional
please ensure you provide feedback,professional
do not delay and share the details,rude
please submit the form,polite
hope you can share the details soon,friendly
please complete the task,polite
"hey, can you check the status?",friendly
when you have time please schedule a meeting,polite
just checking if you can confirm the update,friendly
"hi there, please complete the task",friendly
kindly submit the form at your convenience,professional
"hey, can you review the file?",friendly
when you have time please check the status,polite
when you have time please review the file,polite
requesting you to submit the form,professional
requesting you to review the file,professional
when you have time please schedule a meeting,polite
confirm the update fast,rude
"hi there, please schedule a meeting",friendly
when you have time please complete the task,polite
"hey, can you complete the task?",friendly
I would appreciate it if you could send the report,professional
why haven't you review the file yet,rude
please ensure you send the report,professional
I would appreciate it if you could share the details,professional
I would appreciate it if you could complete the task,professional
check the status fast,rude
I would appreciate it if you could confirm the update,professional
check the status fast,rude
confirm the update immediately,rude
I would appreciate it if you could confirm the update,professional
kindly check the status at your convenience,professional
"hi there, please send the report",friendly
please kindly share the details,polite
do not delay and schedule a meeting,rude
I would appreciate it if you could review the file,professional
please kindly provide feedback,polite
when you have time please update the document,polite
please proceed to provide feedback,professional
requesting you to provide feedback,professional
do not delay and send the report,rude
I would appreciate it if you could check the status,professional
send the report immediately,rude
please ensure you complete the task,professional
